addr,time,duty,link,type,job_name,requirement,number
深圳,2018-02-26,负责互联网音乐领域的推荐算法的设计实现与优化；负责完善现有推荐系统的基础算法及并行计算框架；负责音乐平台业务的基于用户/音乐特性的数据挖掘及推荐策略设计实现；负责能够根据业务数据变化不断设计并调整算法策略来提升算法质量，并最终提升用户体验。,http://hr.tencent.com/position_detail.php?id=37014&keywords=&tid=0&lid=0,技术类,SNG16-推荐算法工程师（深圳）,硕士及以上学历；计算机，统计，信息，数学等相关专业毕业优先；扎实可靠的编程能力，精通C/C++/JAVA至少一门编程语言；熟悉业内推荐算法及数据挖掘领域的技术热点和进展，对互联网在线音乐的推荐系统架构设计有深入了解；了解Hadoop生态相关技术优先；具备规模分布式数据存储与计算开发经验者优先；沟通能力佳，抗压能力强，表达能力出众者优先。,2
深圳,2018-02-26,负责iOS平台上QQ音乐的开发工作；负责QQ音乐iPhone、iPad、Mac客户端的基础体验的优化和迭代工作。,http://hr.tencent.com/position_detail.php?id=37016&keywords=&tid=0&lid=0,技术类,SNG16-QQ音乐IOS开发工程师（深圳）,本科以上学历，计算机相关专业；2年以上相关工作经验；英语良好，能阅读英文资料；责任心强，积极向上、乐于学习新技术；要求精通Objective-C，熟悉iOS平台并有良好的软件开发经验，基础扎实；熟悉https及流媒体上传下载协议，精通TCP/IP协议；熟悉音频/视频的编解码；有音视频直播相关经验者优先。,3
深圳,2018-02-26,负责管理指导腾讯云渠道和企点渠道的市场营销工作；统筹规划市场全年预算和使用计划，策划线上线下活动，协助渠道销售拓展渠道和客户；建立渠道市场的核心资源，保证市场活动的顺利举办，建设渠道生态系统；输出渠道市场工作方法论，提升团队工作效率。,http://hr.tencent.com/position_detail.php?id=37013&keywords=&tid=0&lid=0,市场类,25667-腾讯云渠道高级市场运营经理（深圳）,8年或以上to B市场营销经验，理解云业务的基本逻辑；具备一定的策划经验，能策划适合云业务渠道拓展和客户拓展的市场营销活动；具备较好的项目管理，能够有效协同多部门合作项目推进；较好的数据分析能力，思维逻辑清晰，敏锐的市场洞察力；性格开朗、工作踏实、有进取心、沟通能力强，逻辑清晰，良好的团队合作能力，能够承受较大的工作压力。,2
深圳,2018-02-26,搭建并完善数据分析框架体系，全面推进产品的数据化运营；建立关键指标的日常监控机制，对数据波动进行原因挖掘，推动游戏内容及运营策略调优；综合使用数据分析、用户研究等多种手段，对重点内容进行专项研究，支撑研发决策；基于研究结果推动问题解决或内容优化，并持续关注后续数据表现及用户反馈；负责接入并持续维护数据分析相关的管理工具。,http://hr.tencent.com/position_detail.php?id=37010&keywords=&tid=0&lid=0,产品/项目类,15665-RPG类手游数据分析(深圳),拥有3年及以上游戏数据分析工作经验，对RPG游戏有强烈的偏好；对数据及用户反馈比较敏感，能快速定位问题方向，快速展开分析；有较强的分析能力，善于总结提炼核心结论，优秀的PPT撰写能力者优先；善于交流沟通，具备较强的抗压能力、责任心和团队合作能力。,1
深圳,2018-02-26,搭建并完善数据分析框架体系，全面推进产品的数据化运营；建立关键指标的日常监控机制，对数据波动进行原因挖掘，推动游戏内容及运营策略调优；综合使用数据分析、用户研究等多种手段，对重点内容进行专项研究，支撑研发决策；基于研究结果推动问题解决或内容优化，并持续关注后续数据表现及用户反馈；负责接入并持续维护数据分析相关的管理工具。,http://hr.tencent.com/position_detail.php?id=37011&keywords=&tid=0&lid=0,产品/项目类,15665-竞技类手游数据分析（深圳）,拥有3年及以上游戏数据分析工作经验，对MOBA/竞速类游戏有强烈的偏好；对数据及用户反馈比较敏感，能快速定位问题方向，快速展开分析；有较强的分析能力，善于总结提炼核心结论，优秀的PPT撰写能力者优先；善于交流沟通，具备较强的抗压能力、责任心和团队合作能力。,1
深圳,2018-02-26,负责微信搜索排序相关的算法设计实现工作；提升微信上搜索结果排序质量。,http://hr.tencent.com/position_detail.php?id=36999&keywords=&tid=0&lid=0,技术类,WXG08-121 微信搜索推荐算法工程师（深圳/广州/北京）,熟悉搜索引擎的系统架构， 有2-5年的搜索引擎算法相关工作经验；熟悉搜索引擎的文本相关性，基础相关性，整合排序，Query的意图识别，商业度分析 中的一到多项；熟悉搜索引擎排序调权，效果评估， 用户点击日志挖掘分析中的一到多项；熟悉常用的机器学习方法，聚类，分类，回归，排序等，有相关项目经验。,2
深圳,2018-02-26,搭建并完善数据分析框架体系，全面推进产品的数据化运营；建立关键指标的日常监控机制，对数据波动进行原因挖掘，推动游戏内容及运营策略调优；综合使用数据分析、用户研究等多种手段，对重点内容进行专项研究，支撑研发决策；基于研究结果推动问题解决或内容优化，并持续关注后续数据表现及用户反馈；负责接入并持续维护数据分析相关的管理工具。,http://hr.tencent.com/position_detail.php?id=37012&keywords=&tid=0&lid=0,产品/项目类,15665-体育类手游数据分析（深圳）,拥有3年及以上游戏数据分析工作经验，对体育类游戏有强烈的偏好；对数据及用户反馈比较敏感，能快速定位问题方向，快速展开分析；有较强的分析能力，善于总结提炼核心结论，优秀的PPT撰写能力者优先；善于交流沟通，具备较强的抗压能力、责任心和团队合作能力。,1
深圳,2018-02-26,负责全民K歌海外版本的产品策划和运营工作，根据当地市场热点和用户需求确定产品方案、运营内容和本地地推合作，并实施推进；负责本地市场的官方大赛、伴奏专题、本地作品和用户的推优；负责和本地潜在的合作对象沟通和促成落地合作，例如本地运营商、本地地推第三方等。,http://hr.tencent.com/position_detail.php?id=37017&keywords=&tid=0&lid=0,产品/项目类,SNG16-全民K歌海外版产品经理（深圳）,本科及以上学历，1年及以上手机端产品运营或市场工作经验，熟悉菲律宾、泰国或马来西亚当地市场和当地文化；对当地流行的音乐、综艺节目有深入了解；有较强沟通和逻辑分析能力，有较高的数据敏感度，能承受一定工作压力，强执行力；汉语、英语交流无障碍，有菲律宾语、泰语或马来语任一更佳；有本地运营商或地推资源优先；当地人或当地华侨华人优先。,1
深圳,2018-02-26,工作职责：* 负责医疗云产品策划；* 负责用户需求的深度挖掘以及目标用户群的潜在需求挖掘；* 协调各项资源、跟进项目进度，对产品质量及用户体验负责；* 负责跟踪、分析产品运营数据，运用产品能力、公司内外资源合作等方式持续运营，达成项目各阶段量化目标。,http://hr.tencent.com/position_detail.php?id=37018&keywords=&tid=0&lid=0,产品/项目类,24111-医疗云产品经理,工作要求：* 两年以上互联网产品经验；* 有平台产品策划经理或APP策划经验，并独立，完整负责过重要模块，对所做产品有独到见解，对人性有深度思考；* 具备云计算、医联体、集成平台等背景知识优先；有医疗行业经验的优先；* 对数据具有敏感度及深度分析能力，熟悉用户运营模型；* 个性积极、乐观、踏实、坚韧，有极强的抗压能力；对医疗行业有深切的热爱，能持续在这条路上探索；,1
广州,2018-02-26,负责市场调研，策划并推动相关团队完成行业拓展，产出有价值企业案例和用户洞察，为产品和市场提供策略参考；负责企业拉活运营，配合市场团队完成大企业攻坚，包括企业拜访接待、实施培训、技术支持等相关工作；帮助企业开通企业微信，辅助企业管理员完成全员拉活和信息系统接入，能有效整合团队资源和服务商资源；负责行业推广和功能宣讲，针对行业及 to B业务熟悉，能够出色的策划、组织、实时市场活动。,http://hr.tencent.com/position_detail.php?id=37007&keywords=&tid=0&lid=0,市场类,WXG10-331 企业微信市场策划与推广,具备市场推广经验，对商业信息的敏感能力，能够子啊产品推广和落地过程中对信息进行搜集、判断，发掘产品商业机会，并提升产品的商业价值；具备企业解决方案经验，具有出色的提案能力和沟通技巧，能够把握行业痛点，为行业客户提供有前瞻性的落地支持；善于学习，主动意识强，有强的业务理解能力和对外宣讲能力，能够独立开展市场活动；具有B端企业产品工作经验者优先考虑。,1
广州,2018-02-26,负责微信小程序相关业务测试；负责测试工具开发和测试流程建设。,http://hr.tencent.com/position_detail.php?id=37000&keywords=&tid=0&lid=0,技术类,WXG02-116 微信专项测试工程师（广州）,"本科及以上学历，计算机或相关专业；责任感强、有快速学习能力和较强的逻辑思维能力、沟通能力，能够承担工作压力；至少精通以下一种语言: C/C++, Java 或 Python；有前端开发经验，特别是有较丰富的 js 使用经验者优先；具有移动互联网经验（Android/iOS）者优先；对测试方法和常用技术有深入了解者优先。",1
深圳,2018-02-26,工作职责：一、 负责研究梳理国际国内资产证券化业务发展趋势、模式和风控定价体系；二、 负责开展供应链金融、消费金融等领域资产证券化业务、包括参与商务谈判、产品设计、存续期管理、产品运营等各环节；三、 负责资产证券化资产风险评估、定价评估等；四、 负责制定不同类型资产证券化业务领域发展规划及参与商业分析；五、 参与构建资产证券化云平台系统建设及外部核心能力输出等；六、 参与集团外部投资前端供应链及消费金融业务资产证券化公司业务对接；,http://hr.tencent.com/position_detail.php?id=36998&keywords=&tid=0&lid=0,产品/项目类,18432-资产证券化产品经理,一、教育背景要求1 全日制本科或以上，会计、金融、经济类专业、工科类（仅限信息类工科）；二、工作经历要求，至少三年以上 银行业、信托公司、证券公司、基金公司资产证券化部门从事资产证券化工作，有消费金融abs、供应链金融abs业务经验优先。注册会计师资格优先、CFA、FRM,1
深圳,2018-02-26,与项目组其他成员紧密配合，创造出具有丰富乐趣的游戏内容；从提出初步概念，到设计文档撰写，到最终的版本效果，与程序和美术团队保持高效的沟通，保证实现的质量并满足进度的要求。,http://hr.tencent.com/position_detail.php?id=37002&keywords=&tid=0&lid=0,产品/项目类,25929-沙盒游戏系统策划（深圳）,游戏经验丰富，精通多种类型的游戏，尤其对体素沙盒类型有较为深刻的理解；丰富的想象力和创造力，能够提出原创概念或提升已有概念，并展示出设计中足够的趣味性；善于利用各种工具视觉化表达、完善原型设计，快速验证玩法；熟练使用Unity引擎；一定的审美能力，能够提出清晰的造型需求，环境设定和视觉效果需求；强烈的责任心，主动优化所负责的游戏内容，跟进迭代细节，保证最终版本质量；良好的学习能力，视野开阔，乐于分享，保持与最新的理念和方法接轨，对游戏创作充满热情。,2
广州,2018-02-26,制定微信看一看和搜一搜的新闻内容的运营和产品策划，完善内容运营机制，制定搜索和推荐机制和策略，确保内容质量；紧密跟踪平台内数据，通过数据分析评估内容质量，策略精度和用户满意度进而优化内容和产品特性；整体负责新闻内容的监控、挖掘和外部数据的接入的系统化流程的构建；持续关注竞品动态和分析用户需求变化，探索新的产品特性和形态。,http://hr.tencent.com/position_detail.php?id=37009&keywords=&tid=0&lid=0,产品/项目类,WXG08-211 产品运营,工作2年以上，有推荐或搜索产品经验者优先，有新闻相关工作经验者优先；对新闻内容生态、媒体行业富有洞察，有独到见解；思维敏捷，自我驱动力强，条理性强，能抓住主要矛盾，敢于突破和创新；有极强的沟通能力和跨团队协作的能力，有责任心和同理心，抗压能力强。,1
北京,2018-02-26,深度拓展及维护运营商渠道客户关系并有效提升腾讯视频会员规模及收入；负责运营商渠道政策了解、关系拓展、模式创新；负责腾讯视频VIP会员业务在运营商渠道的推广及维护；负责腾讯视频VIP会员与运营商项目合作的策略规划和落地执行等；负责运营商渠道团队的日常管理。,http://hr.tencent.com/position_detail.php?id=37008&keywords=&tid=0&lid=0,市场类,22850-腾讯视频VIP运营商渠道副组长/组长（北京）,有8年以上运营商渠道合作经验，熟悉运营商的运作模式、内部架构、政策方向；有良好的运营商、渠道商人脉关系，能够迅速将运营商资源投入现有业务；熟悉运营商各类通信产品及流程；积极热情，具备很好的沟通能力、团队协作精神，较强的项目管理及团队管理能力。,1
深圳,2018-02-26,负责产品研发期、测试期、运营期的版本管理和版本流程各环节的跟进工作，保证版本稳定性；负责游戏版本内容规划，能根据数据表现规划和跟进版本内容，与研发团队进行良好的沟通，使双方目标统一，实现运营目标；能够通过数据分析和用户反馈定位到版本问题，输出优化方案，推动研发开发；熟悉游戏运营流程，能独立规划和协调各个模块工作，负责版本流程优化及版本总结工作。,http://hr.tencent.com/position_detail.php?id=37006&keywords=&tid=0&lid=0,产品/项目类,15665-绝地求生：刺激战场-版本管理（深圳）,拥有3年及以上游戏运营工作经验，至少2年版本运营经历；对FPS、MOBA等竞技品类有强烈的热情和较深的认知与体验，有相关品类运营经验者优先；熟悉游戏产品研发和运营流程，有过PM工作经验者优先；极强的沟通协调能力，善于统筹多方合作关系，抗压能力强；有较强的运营分析能力，优秀的逻辑能力及总结沉淀能力，团队合作意识佳。,2
深圳,2018-02-26,负责会员渠道运营体系的搭建、维护、完善和管理，建立有效的渠道激励制度和成长体系；制定渠道运营活动方案，并为活动效果负责，分析活动和策略的效果并形成报告，提出改进计划和方案并跟进落实；收集渠道反馈建议，了解渠道需求并跟踪解决问题，为业务在渠道侧的整体运营和服务提供改进方案；对司内各业务线资源进行整合和推进，制定和承担产品项目合作的职责。,http://hr.tencent.com/position_detail.php?id=37004&keywords=&tid=0&lid=0,产品/项目类,22850-腾讯视频VIP会员渠道运营经理（深圳）,3年以上工作经验，有视频会员行业或有类似业务工作经验优先；熟悉使用各类产品运营工具，如axure、photoshop等；有较强的组织协调及良好的表达能力；数据分析能力强，思维逻辑清晰，良好的自我学习及驱动力，责任心强，有创造性；思维活跃，具有良好的理解能力和团队精神，工作细心。,1
深圳,2018-02-26,负责产品研发期、测试期、运营期的版本管理和版本流程各环节的跟进工作，保证版本稳定性；负责游戏版本内容规划，能根据数据表现规划和跟进版本内容，与研发团队进行良好的沟通，使双方目标统一，实现运营目标；能够通过数据分析和用户反馈定位到版本问题，输出优化方案，推动研发开发；熟悉游戏运营流程，能独立规划和协调各个模块工作，负责版本流程优化及版本总结工作。,http://hr.tencent.com/position_detail.php?id=37005&keywords=&tid=0&lid=0,产品/项目类,15665-次世代绝美中国风MMO手游-版本管理（深圳）,拥有3年及以上游戏运营工作经验，至少2年版本运营经历；对RPG品类有强烈的热情和较深的认知与体验，有相关品类运营经验者优先；熟悉游戏产品研发和运营流程，有过PM工作经验者优先；极强的沟通协调能力，善于统筹多方合作关系，抗压能力强；有较强的运营分析能力，优秀的逻辑能力及总结沉淀能力，团队合作意识佳。,1
深圳,2018-02-26,负责游戏中的角色、场景模型、整体场景的制作及风格把控；负责游戏CG宣传图的制作。,http://hr.tencent.com/position_detail.php?id=37003&keywords=&tid=0&lid=0,设计类,25929-高级沙盒游戏3D设计师（深圳）,本科以上学历，美术设计类相关专业；3年以上3D游戏项目相关工作经验；熟练运用相关制作软件，以及unity3D；熟悉CG高模的制作和渲染；有良好的审美，有自己在角色设定上的想法；有较强的自学能力，能把新技术运用到项目制作当中；对LEGO乐高积木玩具实体有较深的了解认识及爱好者优先。,1
深圳,2018-02-26,负责对公司金融业务（包括支付、理财、保险、证券及创新金融业务等）开展审计工作，梳理重要业务流程，识别关键风险点，对于发现问题与业务管理层沟通，并推动问题改进实施；对于创新金融业务，及时识别重要风险，并提供内审支持；为业务提供增值服务，包括组织相关培训分享等。,http://hr.tencent.com/position_detail.php?id=35985&keywords=&tid=0&lid=0,职能类,S2-金融审计经理,本科及以上学历； 具备5年以上工作经验，包括保险行业、证券行业、互联网金融行业等金融相关行业的内审/外审相关工作经验，具有一定的项目管理经验，能独立完成项目，有较好的项目管理能力；具备创新及开拓能力，对于创新金融业务能快速学习、理解业务，并针对性地开展审计相关工作，对于识别的风险及问题，推动业务改进；具有互联网思维和较强的沟通能力，能与业务管理层等进行良好的沟通和关系维护；具备良好的英文写作、表达、阅读能力。,1
深圳,2018-02-26,1、负责与研发团队对接，对游戏的整体规划有清晰的认识；2、参与游戏内容设计，跟进版本进度和内容验收，定位问题并找到解决方案；3、游戏/版本上线后，根据游戏数据分析总结效果，输出分析报告指导后续开发。,http://hr.tencent.com/position_detail.php?id=36994&keywords=&tid=0&lid=0,产品/项目类,18402-【侍魂】手游本地化策划,1、三年以上游戏策划经验，有完整RPG/ARPG项目的系统设计经验；2、熟悉游戏开发工作流程，对程序，美术的工作方式方法有深入了解；3、责任心强，能承受较大的工作压力，有良好的沟通能力和团队协作精神，推动研发进行；4、关注移动游戏RPG\ARPG\MMO品类动态和趋势，有丰富游戏经验，熟悉市面上各类主流游戏的系统和玩法，善于把握游戏本质，分析和归纳游戏核心原理及内容。5、热爱游戏，对RPG\ARPG类游戏熟悉。,1
深圳,2018-02-26,搭建数据体系，完善分析报表，推进游戏数据化运营1、建立监控机制，对游戏内容及运营策略及时跟进数据效果和反馈；2、对数据敏感，对数据波动原因进行挖掘，对重点模块专项研究，支撑运营决策；3、关注用户差异，定期对不同用户的活跃、付费进行跟踪和专项分析；4、了解用户心理和行为，擅于挖掘用户行为数据；5、热爱游戏，对RPG\ARPG类游戏熟悉。,http://hr.tencent.com/position_detail.php?id=36996&keywords=&tid=0&lid=0,产品/项目类,18402-【侍魂】手游数据分析,1、三年以上游戏策划或运营相关工作经验；2、对数据敏感，有较强的逻辑思维和数据分析能力；3、熟练掌握和使用excel，独立产出相关数据报告；4、能熟练掌握一种查询工具（SQL、hive）和一种分析工具（SPSS、R语言、SAS等）者优先；5、具有优秀的抗压能力，进取心强，有强烈的责任感。6、热爱游戏，对RPG\ARPG类游戏熟悉。,1
北京,2018-02-26,负责公司级内容数据平台的客户调研、产品策划和质量体系建设。,http://hr.tencent.com/position_detail.php?id=35239&keywords=&tid=0&lid=0,产品/项目类,23671-内容平台产品经理（北京）,有强烈的业务意识和客户导向，善于分析业务状况和客户需求，提供产品解决方案；有较好的技术和算法理解能力，较强的逻辑分析能力，善于策划和实施数据产品和后台产品；具备良好的沟通表能力和团队合作精神，有进取心和责任心，能承受一定强度的工作压力；有搜索、推荐系统相关经验，了解内容审核、特征抽取、文本挖掘技术更佳。,1
南京,2018-02-26,根据区域年度营销目标与市场预算，制订本区域的市场推广计划；对本区域市场状况进行调研和分析，定期反馈市场信息情报与营销建议；统筹管理推广伙伴，协同推广商，推动总部品牌推广、产品推广等项目在各场景的实施与落地执行；独立管理、参与、组织、实施网吧\卖场\校园等渠道的活动执行；开发本地媒体、活动执行资源，负责所属区域内异业合作伙伴关系的建立，根据总部要求，完成物料设计与制作、广告宣传、市场活动开展等工作；根据总部市场中心各部门的需要，配合完成其它工作在区域的开展；熟悉线下活动相关物料的市场情况和预算，并能充分应用于现场活动执行。,http://hr.tencent.com/position_detail.php?id=36967&keywords=&tid=0&lid=0,市场类,HY6-市场推广经理（南京）,1、有5年及以上活动管理及执行工作经历；2、本科以上学历；3、掌握市场营销、内容传播、电子竞技和代理商及推广商管理的相关知识；4、有游戏类营销活动的经验和相关渠道资源者优先。5、有较强的营销策划能力、方案撰写能力和活动执行能力，学习能力强；6、精通PPT和EXCEL操作，能独立完成策划提案的撰写和数据分析；7、熟悉和掌握平面设计软件操作；8、性格外向活跃，容易沟通。,1
广州,2018-02-26,负责互联网+行业合作的战略研究和商业分析；负责互联网+的行业解决方案规划与推行；协同产品团队，项目团队对互联网+行业合作项目整体运营负责。,http://hr.tencent.com/position_detail.php?id=33064&keywords=&tid=0&lid=0,产品/项目类,WXG05-311 互联网+行业合作高级经理(广州),对移动互联网和微信开放平台有很好的理解和兴趣；对传统产业有深入的理解；具备商业分析、战略研究经验和能力；很强的逻辑能力、系统思考能力、商务沟通能力并具优秀产品意识。,1
广州,2018-02-26,行业需求挖掘：通过行业走访渗透、数据运营、产品运营挖掘B端企业需求，完善产品功能，提升平台用户数和用户体验；行业解决方案：挖掘和维护行业KA标杆企业，针对行业共性场景和移动办公方向，梳理行业创新解决方案；企业拉活运营：负责行业产品运营、物料运营和方案落地执行，沉淀业务模式，输出线上线下联合运营策略；开放合作：负责行业服务商和开放体系建设，驱动行业伙伴健康成长，提升行业伙伴深度合作。,http://hr.tencent.com/position_detail.php?id=37001&keywords=&tid=0&lid=0,产品/项目类,WXG10-211 企业微信行业产品经理,具备行业经验，对某一个或某几个行业有深度理解，能够主动探索行业，挖掘用户需求，持续推动产品优化；具备较强的解决方案提炼、输出和宣讲能力，同时具备项目管理能力，能够有效的进行团队间的业务合作；具备较强的数据化、产品化意识，能够通过数据和痛点分析，制定产品运营策略；善于学习、有强的业务理解能力和商业敏感度，思维活跃，有创新思路，能针对企业行业特点有前瞻性布局；具有B端企业产品工作经验者优先考虑。,1
广州,2018-02-26,构建和完善公众号小程序相关业务指标体系；搭建对内、对外相关数据产品工具，推动平台化运营；跟进数据分析，提出产品及运营的解决方案并推动落地；跟进其他公众号和小程序基础运营工作。,http://hr.tencent.com/position_detail.php?id=36775&keywords=&tid=0&lid=0,产品/项目类,WXG03-211 微信开放平台产品运营经理(广州）,2年以上互联网产品或运营经验；较高的业务和数据敏感度，强逻辑思维良好沟通抗压能力；能熟练使用 EXCEL， SQL，Python 等，有丰富的数据分析经验。,1
深圳,2018-02-26,负责对公司金融业务（包括支付、理财、保险、证券及创新金融业务等）开展审计工作，梳理重要业务流程，识别关键风险点，对于发现问题与业务管理层沟通，并推动问题改进实施；对于创新金融业务，及时识别重要风险，并提供内审支持；为业务提供增值服务，包括组织相关培训分享等。,http://hr.tencent.com/position_detail.php?id=36997&keywords=&tid=0&lid=0,职能类,S2-高级金融审计经理,本科及以上学历； 具备5年以上工作经验，包括保险行业、证券行业、互联网金融行业等金融相关行业的内审/外审相关工作经验，具有一定的项目管理经验，能独立完成项目，有较好的项目管理能力；具备创新及开拓能力，对于创新金融业务能快速学习、理解业务，并针对性地开展审计相关工作，对于识别的风险及问题，推动业务改进；具有互联网思维和较强的沟通能力，能与业务管理层等进行良好的沟通和关系维护；具备良好的英文写作、表达、阅读能力。,1
深圳,2018-02-26,梳理并优化账务处理相关流程，提升结账效率和准确性；协助制定新业务的账务核算流程及方案，并确保其遵从准则和内部管理的要求；单家法人主体报表分析，识别财务风险，保证单家报表的合规性。,http://hr.tencent.com/position_detail.php?id=36995&keywords=&tid=0&lid=0,职能类,S2-账务中心高级会计（深圳）,熟悉国际财务报告准则（IFRS）或其他主要财务报告准则，系统性掌握大中型企业会计核算流程；5年以上相关工作经验，有大型企业集团账务核算流程和系统建设/使用经验；熟悉互联网行业的业务模式，具有CPA、ACCA或同类专业资格优先；教育背景要求：会计、财务管理等相关专业本科及以上学历；语言能力要求：具有良好的英语听说读写能力；具备较强的沟通和推动能力。,1
深圳,2018-02-26,负责QQ看点业务的数据挖掘分析、用户行为数据分析、场景化推送等工作；分析业务基础数据和用户行为数据，从中发现问题、研究问题并探索解决方案，并将实验分析结果转化为可行的产品和运营策略。,http://hr.tencent.com/position_detail.php?id=36984&keywords=&tid=0&lid=0,技术类,SNG04-QQ看点数据挖掘工程师（深圳）,本科以上学历，计算机、统计学等相关专业；1年以上工作经历；具有良好的数据敏感度和丰富的数据挖掘项目操作经验；熟悉常见的数据挖掘分析、推荐相关算法；扎实的数据结构及算法功底，优秀的工程实现能力；熟悉Linux；熟练掌握C/C++或Python或Java等编程语言；熟练掌握SQL或其他数据库语言；优秀的分析和解决问题的能力，富有好奇心，对挑战性问题充满激情；具有良好的学习能力、沟通能力、团队合作意识。加分项：有海量数据处理经验，如Hive、Hadoop、Storm、Spark等；熟悉机器学习、自然语言处理等相关技术；有搜索、推荐或广告系统相关算法工作经验者优先。,2
深圳,2018-02-26,负责QQ看点iOS客户端基础框架设计研发；客户端动态化解决方案设计；用户体验和性能优化和实施。,http://hr.tencent.com/position_detail.php?id=36983&keywords=&tid=0&lid=0,技术类,SNG04-QQ看点iOS 研发工程师（深圳）,本科以上学历，1年以上 iOS平台的开发经验；具备扎实的Objective-C语言基础，掌握iOS平台技术，熟悉OC的动态原理及Runtime的运行机制；扎实的数据结构及算法功底；熟练掌握C++、Python等编程语言，深入理解多线程及内存管理先关技术；熟悉网络通信机制，对Socket、TCP/IP、HTTP/HTTPS有一定理解；良好的分析和解决问题的能力，富有好奇心，对挑战性问题充满激情，对新技术积极探索。加分项：有计算机视觉、机器学习或深度学习等相关学习工作经验，有AI实践经验者优先；在Github开发维护的优质开源组件。,2
上海,2018-02-26,负责休闲类游戏美术视觉设计工作；有把握产品风格的能力，能够独立完成界面、图标、相关的logo等元素设计；跟进设计效果最终在产品的实现，保证设计品质与实现品质一致性。,http://hr.tencent.com/position_detail.php?id=36988&keywords=&tid=0&lid=0,设计类,15616-高级UI设计师（上海）,5年以上游戏UI相关经验，对不同风格的游戏均可驾驭，完整参与过至少一款游戏的视觉设计工作；扎实的设计功底和优秀的审美能力，对用户、市场和流行趋势有自己的理解和分析能力；了解游戏开发的完整流程和各个模块的具体职责，有团队合作精神，善于沟通，乐于分享；态度积极，具有良好的工作协作能力和优秀的自我管理能力， 具有良好的应变能力与抗压能力；熟练使用相关设计软件，有较强手绘能力者优先；热爱游戏事业，注重用户体验；善于挖掘产品的独特性和创新性，追求细节和崇尚匠人精神。,1
深圳,2018-02-26,负责QQ看点信息流产品推送场景算法研究及工程实践；基于海量用户数据，参与数据清洗和过滤、特征抽取、参数选择、算法实验、效果分析。,http://hr.tencent.com/position_detail.php?id=36985&keywords=&tid=0&lid=0,技术类,SNG04-QQ看点推送内容推荐算法工程师（深圳）,本科以上学历，计算机、模式识别、人工智能、应用数学、统计、运筹学等专业；1年以上相关工作经验；对机器学习、深度学习、自然语言处理等相关算法原理及其在互联网行业的应用，有深入的理解和浓厚的兴趣；扎实的数据结构及算法功底；熟悉Linux；熟练掌握C/C++或Python或Java等编程语言；熟悉常用机器学习、深度学习框架，如Scikit-Learn、Tensorflow、PyTorch等；有一定海量数据处理经验，如Hive、Hadoop、Spark等；优秀的分析和解决问题的能力，富有好奇心，对挑战性问题充满激情；具有良好的学习能力，沟通能力，团队合作意识。加分项：有推荐系统、精准广告、信息检索等方面的实际工作经验者优先；国内外机器学习、深度学习相关核心期刊发表Paper者；Kaggle竞赛中获得优秀成绩者。,2
上海,2018-02-26,根据游戏概念，设计关卡；设计符合世界观的关卡玩法障碍，关卡模式玩法等创新内容；规划调整关卡的难度曲线和关卡游戏体验；跟美术程序沟通明确需求，负责验收跟进需求。,http://hr.tencent.com/position_detail.php?id=36986&keywords=&tid=0&lid=0,产品/项目类,15616-高级游戏关卡策划（上海）,有3年游戏策划经验，1-2年三消关卡制作经验。并且项目已成功上线；对三消关卡设计方法论有所总结。对关卡的好坏评价有自己的见解；逻辑性强，有条理性，并且有三消游戏关卡的基本审美观；沟通能力强，有责任心，好学，积极主动；能够承受一定的工作压力；脑洞大，有文案基础者优先。,1
深圳,2018-02-26,对产品的美术方向做指导，整体把握产品的美术风格；确保美术元素符合整体风格；对产品最终美术效果负责；提升团队的整体美术能力。,http://hr.tencent.com/position_detail.php?id=36989&keywords=&tid=0&lid=0,设计类,25929-游戏美术指导（深圳）,5年以上游戏美术开发经验，完整参与过至少一款游戏的某个美术模块的开发工作；负责游戏项目整体美术风格的把握，为游戏项目的美术提供总体风格等方面的指引；了解游戏开发的完整流程和各个模块的具体职责，对于如何设定游戏美术的品质和风格规范标准有完整的经验案例，具备优秀的自我管理能力，能够高效优质的输出所负责领域的美术资源内容，能合理制定可执行的工作流程和团队计划；了解游戏和游戏产业，能够正确理解美术在游戏开发中的地位和作用，对策划及程序的工作方式有一定的了解，能很好地与策划和程序进行项目协同开发；对乐高LEGO实体玩具或沙盒体素类产品，有较深的了解和认识者更佳。,1
北京,2018-02-26,协助业务部门梳理业务流程，提供财务管理建议与方案，确保业务工作的顺利开展；负责业务部门的财务分析，并协助建立分析体系，为业务部门提供管理与决策；组织业务部门进行年度预算编制，并进行日常考核跟踪和预算管理；其他相关工作。,http://hr.tencent.com/position_detail.php?id=36987&keywords=&tid=0&lid=0,职能类,S2-OMG财务管理（北京）,熟悉新企业会计准则，熟悉企业帐务运作及会计报表的处理；掌握Excel电子表格制作、Access或其他数据库应用，以及使用Word和PowerPoint撰写报告；工作细致，责任感强，善于沟通协调，具有较强的分析和判断能力，具备团队合作精神，能够承受一定的工作压力；大学本科或以上学历，会计或财务相关专业，具有CICPA等相关专业资格优先考虑；具有良好的英语读写能力。,1
深圳,2018-02-26,负责软件测试用例设计、编写，执行；负责功能及性能测试用例自动化测试建设；负责软件缺陷管理与追踪；负责模拟现网环境的测试工具开发。,http://hr.tencent.com/position_detail.php?id=36991&keywords=&tid=0&lid=0,技术类,TEG14-系统测试工程师(深圳),"熟悉linux系统, 熟悉C/C++语言，具有一定的测试开发能力；至少掌握一种自动化测试框架，并做过自动化测试工具；具有网络系统或者分布式存储系统的测试经验者优先。",3
上海,2018-02-26,"精通WebGL，使用H5完成三维软件功能模块的开发；熟悉FBX SDK和Max plug-in, 开发模型到3D引擎的data pipeline；完成三维软件的性能调优；配合各移动平台集成与测试。",http://hr.tencent.com/position_detail.php?id=36990&keywords=&tid=0&lid=0,技术类,25929-Web前端WebGL开发工程师（上海）,"计算机相关专业；熟悉计算机图形学基本理论，3d数学基础良好；熟练使用WebGL或ThreeJs, Babylon.js引擎，一年以上相关开发经验；熟练使用javascript，熟悉HTML、CSS等网页制作技术，熟悉页面架构和布局；熟悉ES6、Vue、React等语言开发；有VRAR开发经验优先，有移动平台开发经验优先。",1
深圳,2018-02-26,负责部门基础服务的日常运行维护、配置管理等工作，通过对日常问题的分析汇总；优化流程、提升工作效率和服务质量；负责为业务提供稳定、安全、性能合格的运营环境和相关的专业技术支持；7x24小时响应故障处理。,http://hr.tencent.com/position_detail.php?id=36992&keywords=&tid=0&lid=0,技术类,TEG14-高级业务运维工程师（深圳）,本科及以上学历；3年以上工作经验；熟练linux系统与常用命令、shell、mysql数据库，掌握perl、php、python、ruby其中一种语言；具有强烈的责任心，做事认真细致；具备良好的团队合作精神和沟通能力；具有一定分析问题和解决问题的能力，善于学习，有较强的上进心。,2
北京,2018-02-26,移动端APP逆向还原，核心算法逆向解析；通信协议破解，模拟竞品数据请求及解析。,http://hr.tencent.com/position_detail.php?id=36974&keywords=&tid=0&lid=0,技术类,MIG03-Android逆向工程师（北京）,有Android应用程序开发工作经验，有扎实的面向对象语言基础，熟悉native开发，精通c/c++语言；熟练掌握汇编语言，ARM32指令Thumb指令等，并具有较强的阅读汇编指令的能力；熟悉dex/elf文件格式，了解jni底层原理，有熟练的无源码调试经验技巧；有逆向、破解、分析的项目实战经验者优先，熟悉 IDA、APKTOOL、Jeb等逆向工具；最好有一定密码学基础，对于SSL/TLS网络协议比较了解；诚实，尽责，有良好的抗压与攻坚能力。,1
深圳,2018-02-26,1、参与嵌入式产品的软件设计和开发；2、参与产品需求分析，软件工程系统的设计、开发、测试等过程；3、完成程序的调试工作，确保程序按设计要求正常运行；4、协助项目组其他成员进行软件项目的开发，完成功能的代码实现和测试。,http://hr.tencent.com/position_detail.php?id=36973&keywords=&tid=0&lid=0,技术类,22989-腾讯云物联网高级研发工程师（深圳）,"1、本科及以上学历，计算机或计算机相关专业毕业，3年以上嵌入式软件开发经验；2、熟练掌握嵌入式RTOS或Linux下C/C++语言应用开发, 精通TCP/IP Socket编程；3、熟练掌握嵌入式平台BSP开发，有USB, BT/2.4G, I2C, SPI, RS-232，或者其他通讯接口的经验；4、熟悉RFID,蓝牙,ZigBee, GPRS, Wifi等有无线通讯类产品的软件开发；5、熟悉基本的硬件设计原理，能够阅读硬件原理图者优先考虑；6、熟悉物联网相关技术、协议（MQTT/CoAP等）和应用, 有物联网产品开发经验者优先考虑。",2
深圳,2018-02-26,负责QQ空间H5游戏平台的用户分析和活跃用户运营体系建设，提升平台用户的粘性；根据游戏产品特色与平台用户特点规划平台活跃活动，对活动效果负责；挖掘平台用户需求，驱动产品筛选和资源投放策略调整；进行公司内外合作的平台的合作拓展， 扩大QQ空间H5游戏的用户群。,http://hr.tencent.com/position_detail.php?id=36975&keywords=&tid=0&lid=0,产品/项目类,SNG08-QQ空间游戏及应用平台运营经理（深圳）,较强的产品运营思维和逻辑思维能力，数据分析能力；有很强的自我驱动力，设定有挑战性的目标并善于协调资源完成目标；良好的书面和语言沟通能力，合作意识强，抗压能力强；有2年以上移动游戏或游戏平台的运营经验者更佳。,1
深圳,2018-02-26,负责分布式存储相关方向的技术的规划及相关人员指导；负责腾讯云对象存储服务的架构设计和研发。,http://hr.tencent.com/position_detail.php?id=36976&keywords=&tid=0&lid=0,技术类,TEG09-云存储高级研发工程师（深圳/北京）,精通Linux/Unix平台上的C/C++编程；熟悉常用的算法和数据结构；熟悉网络编程，多线程编程技术，并且具备丰富的后台研发项目经验；熟悉存储设备、文件系统、 Linux操作系统原理；富有激情和创造力，学习能力强，良好的沟通能力和团队合作能力；优秀的分析问题和解决问题的能力，勇于接受挑战。具有以下条件者优先：主导过企业私有云或公有云平台的实施和架构设计；熟悉分布式系统理论；有大规模分布式系统设计架构经验；有数据库存储引擎或NoSQL存储引擎开发经验；有业界大规模分布式系统经验，包括Hadoop、HDFS、Mongodb、Dynamodb、AWS-S3、GFS、BigTable等；对新技术敏感，求知欲强，能快速学习并具备较强的技术领悟能力；开源社区的活跃贡献者。,5
深圳,2018-02-26,1、分析住户和管理方对于建筑的需求包括但不限于（广场，商场，商品房，人才房，公租房等）2、针对上述需求，规划出行业云解决方案，并持续进行优化设计及解决方案可复制；3、跟进并推动地产建筑类项目的售前和项目管理工作，推进项目实施，推动跨部门，协调各类供应商合作；4、跟进行业技术发展变革方向（会BIM或者CAD建模优先），针对云服务特点在行业解决方案上做前瞻性布局。,http://hr.tencent.com/position_detail.php?id=36978&keywords=&tid=0&lid=0,技术类,25663-智慧建筑架构师（深圳/北京/上海/成都）,1、有成功的智慧建筑，建造，物业运维等经验，具备较强面向客户沟通交流、需求调研与分解、架构设计的能力，有物联网各类协议及格式转换经验者优先；2、有3年以上服务端开发、运维经验，熟悉Java/Scala/Python/PHP/C/C++至少一种开发语言以及对应开发框架，熟悉高并发处理机制，有海量业务的架构设计经验优先；3、了解对象存储，数据库存储，缓存及CDN等解决方案，其中精通某种存储的运行原理，开发使用过的优先4、熟悉网络架构、虚拟化、分布式存储，深入理解IT服务架构，有大型IT项目交付经验者优先；5、具备团队合作经验，学习能力强，抗压能力强；6、具备良好的文档能力，善于总结沟通，清晰表达技术观点和架构意图，能熟练地编写技术文档；7、具备项目管理经验，能进行需求管理、期望管理、团队协作管理，有PMP认证优先。8、具备ISV合作经验，渠道管理经验者优先。,4
深圳,2018-02-26,负责腾讯互联网业务系统相关web产品海量平台前端研发，通过技术提升用户体验和可用性；突破web多终端设备界限为更多用户群体提供随时随地的线上生活体验，通过无障碍研究、SEO提升产品的口碑和品牌受众。,http://hr.tencent.com/position_detail.php?id=36977&keywords=&tid=0&lid=0,设计类,SNG10-UI工程师/前端开发工程师(深圳）,本科及以上学历；2年以上互联网产品研发经验，海量平台研发经验优先；深刻理解Web标准；精通图像处理及代码编辑工具；精通Web前端跨平台开发技术（XHTML、XML、CSS、Javascript等）；及时了解业界前瞻信息及应用，并有浓厚的兴趣和深入的见解；对HTML5、CSS3方面有实际的理解和实践经验；对互联网产品性能优化有研究并有相关实践经验；熟悉搜索引擎优化，有相关的实践经验；熟悉业界常用Javascript脚本库（如jQuery、YUI、mootools等）；有团队协作精神、较强的逻辑分析能力、沟通表达能力，善于学习，勇于探索新领域；了解多终端平台（如手机、打印机、视障阅读器等）研发，对可用性等有实际的理解和实践经验；对非Web前端脚本的语言（如Java、PHP、CGI等）有所了解，并在实际工作中接触过；有Web Apps开发经验优先；具备项目驱动力，对此有独特见解并有成功案例优先。,2
北京,2018-02-26,负责腾讯音乐娱乐集团的品牌策略制定，以及大型营销项目的策划、创意输出和执行；负责整合内、外营销资源，推进年度营销计划实施落地。,http://hr.tencent.com/position_detail.php?id=36979&keywords=&tid=0&lid=0,市场类,21528-品牌公关与传播（北京）,3年以上品牌管理工作经验，品牌意识强，具有出色提案能力和沟通技巧，有大型策划实操经验及成功品牌案例；擅长品牌策略及整合传播，在创意设计和统筹执行方面有较丰富的实操经验；良好的团队意识，善于学习和提升自我；具有创新精神，对互联网行业有激情且有一定了解；有知名公司品牌营销经验或4A广告公司品牌策划经验者优先；英语可做为工作语言。,1
深圳,2018-02-26,负责QQ看点Android客户端基础框架设计研发；客户端动态化解决方案设计；用户体验和性能优化和实施。,http://hr.tencent.com/position_detail.php?id=36982&keywords=&tid=0&lid=0,技术类,SNG04-QQ看点Android研发工程师（深圳）,本科以上学历，1年以上Android平台的开发经验；熟悉Android系统体系结构、Framework、底层库等；熟悉Android常见开源组件实现原理；扎实的数据结构及算法功底；熟练掌握Java、Python等编程语言；熟悉网络通信机制，对Socket、TCP/IP、HTTP/HTTPS有一定理解；良好的分析和解决问题的能力，富有好奇心，对挑战性问题充满激情，对新技术积极探索；加分项：有计算机视觉、机器学习或深度学习等相关学习工作经验，有AI实践经验者优先；在Github开发维护的优质开源组件。,2
深圳,2018-02-26,协调备案团队与客服团队间的日常问题，帮助服务团队完成团队目标；负责产品流程的优化与需求跟进，结合产品策略对官网提示、文档做定期梳理落地；每日对线上数据进行系统分析，发现服务中存在的问题并快速解决；熟练掌握备案原理及流程，对工信部下发的备案、IP信息有敏感度并及时处理；重视协作，对团队重要问题、重要客户有owner意识推动跟进到底。,http://hr.tencent.com/position_detail.php?id=36980&keywords=&tid=0&lid=0,产品/项目类,22989-腾讯云备案主管（深圳/北京）,有云计算或互联网相关技术岗位从业者优先；具备良好的技术理解能力和利用技术手段解决问题或提升业务效率的能力；具备良好的学习能力、逻辑思维能力及数据分析能力；优秀的沟通协调能力，工作积极主动，抗压性强，懂得控制情绪；善于独立思考，掌握产品方法论，良好的产品感觉和创新意识；有高度的责任感及执行力，团队合作精神。,2
深圳,2018-02-26,负责QQ看点推送后台架构设计与研发，后台架构的优化重构，场景化推送优化和工程实践；QQ看点活动类/运营类推送需求的研发。,http://hr.tencent.com/position_detail.php?id=36981&keywords=&tid=0&lid=0,技术类,SNG04-QQ看点推送系统后台研发工程师（深圳）,"本科及以上学历，计算机或相关专业；1年以上互联网业务开发经验或大容量网络服务相关经验者优先；对海量分布式数据处理和存储有较多了解 ，具备海量服务器开发经验者优先；熟练掌握C/C++语言，LINUX/UNIX开发环境，mysql, nosql及网络等计算机基础专业技能；有较强的逻辑思维能力和数据分析能力，能够承担工作压力。加分项：有搜索、推荐或广告系统相关算法工作经验者优先；熟悉聚类、分类、回归、图模型等机器学习算法及原理；在信息论、nlp、和深度学习有相应研究并对此领域感兴趣者，有实际建模经验或并行化经验。",2
深圳,2018-02-26,通过海量数据对用户广告的行为进行深入分析与洞察，提炼和发现业务规律，指导推荐模型特征构建，定位产品相关的数据问题及分析优化；结合广告投放场景和用户画像进行badcase分析、归纳统计指标建设，协助模型快速定位问题。,http://hr.tencent.com/position_detail.php?id=36968&keywords=&tid=0&lid=0,技术类,TEG03-数据挖掘工程师（深圳）,计算机、数学、统计、数据挖掘等相关专业本科及以上学历；1年以上互联网、IT相关工作背景及数据分析挖掘相关工作经验；熟悉统计原理及检验方法、熟悉数据分析方法；熟悉分类、回归、聚类、降维等机器学习算法及应用场景；熟悉Linux、Shell、R/Python，Hadoop/Spark等，能独立完成相关的数据分析及分析报告相关工作；有互联网推荐领域相关工作经验更优。,3
深圳,2018-02-26,1、负责微视的视频特效设计和制作，有较强的特效设计能力，理解各种效果带来的感官体验，配合特效不断创新提升体验；想象力丰富，色彩和形式的感觉好，创新能力强；2、能对特效动画时间进行合理的掌控，熟练执行积视频剪辑与后期呈现；3、熟悉分层渲染，后期软件(AE、PM)或者Fusion等主流特效编辑器，熟练掌握ps，有手绘基础；4、能进行AE，Unity引擎相关的特效资源优化整理出更好效果；5、编写与制作流程和内容相关的特效技术&规范文档； 为外包指定制作标准，审核外包质量。,http://hr.tencent.com/position_detail.php?id=36971&keywords=&tid=0&lid=0,设计类,SNG08-社交平台部-ISUX-视频创意特效设计（深圳）,1、有2-3年以上特效制作经验，需有特效设计作品；2、擅长使用AE或Unity3D引擎进行特效制作，熟练使用3Dmax/Maya/photoshop及各种辅助软件加分；3、有视频特效创造激情，较强的学习能力，良好的沟通能力和优秀的团队协作能力；4、吃苦耐劳，团队合作，积极主动，热衷学习研究专业提升。,1
深圳,2018-02-26,负责Android自动化追踪和监控平台框架的设计和实现；负责逆向工程、反作弊等技术研究与攻坚；负责新技术的研究和技术难点的突破。,http://hr.tencent.com/position_detail.php?id=36956&keywords=&tid=0&lid=0,技术类,TEG03-Android高级开发工程师（深圳）,大学本科或以上学历，3年以上Android平台实际开发经验；熟悉IDA Pro等常用逆向分析工具、robotium/appium等测试框架；熟悉Android/Linux底层框架，熟悉系统的工作原理和细节；熟悉网络编程，熟练掌握UDP/TCP/IP、http等网络协议，精通协议设计；有技术难题攻关经验，在移动端性能优化、逆向工程、Framework改造等方面有丰富的经验者优先；具备优秀的逻辑思维能力，对解决挑战性问题充满热情，善于解决问题和分析问题优先。,1
成都,2018-02-26,负责短视频审核管理工作，具体工作内容为，短视频审核策略输出，审核团队管理，内外部团队协作，短视频发展预研，风险把控，产品需求输出,http://hr.tencent.com/position_detail.php?id=36993&keywords=&tid=0&lid=0,内容编辑类,17759-短视频安全审核组长,需具备丰富的短视频审核经验、熟悉技术对接的知识；具备团队管理能力；执行力强；善于沟通，性格开朗，思路灵活，能够维护好跟产品、技术及合作伙伴的关系；信息安全工作经验5年以上，视频审核管理经验2年以上,1
深圳,2018-02-26,1、负责微视3D模型与挂件设计，有较好的创造意识和造型能力，有角色和场景设计经验，有手绘能力加分；2、具备扎实的结构、造型等知识和动画原理；表现能力强，对于人物、动物的肢体动作、运动节奏有较强的理解能力；3、能使用多种2D/3D制作工具完成3D角色制作；4、了解主流游戏和3D制作；资源制作合理高效，了解并能对3D资源进行优化；5、审核外包提交的角色资源，反馈外包意见。,http://hr.tencent.com/position_detail.php?id=36970&keywords=&tid=0&lid=0,设计类,SNG08-社交平台部-ISUX-3D角色与动画设计（深圳）,1、2-3年以上的角色制作经验。熟悉各类型的角色制作流程，了解多种角色模型的一系列技术规范，且拥有3D建模动画作品。2、对新技术有热情，学习能力强，可以通过自己的思考改善工作流程提高效率。3、熟悉3Dmax，Maya，Unity等主流3D动画工具和移动端引擎。清楚认识不同软件、硬件技术平台在开发时的特点和限制加分。4、吃苦耐劳，团队合作，积极主动，热衷学习研究专业提升。,1
广州,2018-02-26,负责企业微信iOS客户端功能模块开发工作。,http://hr.tencent.com/position_detail.php?id=36966&keywords=&tid=0&lid=0,技术类,WXG10-117 企业微信iOS移动客户端UI开发工程师,2年iOS/Mac系统开发经验；熟练使用UIKit、CALayer等系统框架；熟练掌握Objective-C、C/C++语言，熟练使用常用算法和数据结构；熟悉TCP/IP、HTTP、UDP等网络协议；良好问题分析能力、人际沟通等软性条件。,1
北京,2018-02-26,负责腾讯社交广告的DMP数据管理平台和腾讯广告联盟平台的交互设计；设计用户行为及产品的信息构架，保证产品的可用性；参与互联网社区产品的规划构思，归纳用户目标、用户任务；参与用户研究，根据用户研究的结果对设计方案进行优化；对现有产品的可用性测试和评估提出改进方案，持续优化产品的用户体验；参与界面规范的制定与实施；参与组织建设交互设计团队，负责培养新人。,http://hr.tencent.com/position_detail.php?id=34145&keywords=&tid=0&lid=0,设计类,SA-腾讯社交广告交互设计师（北京）,理解并掌握体验设计的技能和方法，有iOS、Android或Windows平台熟练设计经验者优先；能够全面分析并抓住核心用户需求，结合商业价值和技术，提出完整有效的解决方案；熟练并钻研工具、方法，并能通过高保真Demo演示方案；熟悉互联网产品研发全过程，有基本数据分析能力；对互联网产品具有强烈的兴趣，对某一领域有深入地理解；能够总结并运用先进的设计思维、方法论；工业设计、计算机或人机交互相关专业本科以上学历优先；有程序化广告方面的项目设计经验优先。备注：简历内请附作品链接,1
北京,2018-02-26,负责企鹅媒体开放平台前端开发和性能优化。负责接入层逻辑开发，前端架构建设及公共组件的设计开发。负责企鹅媒体开放平台后台系统的前端开发及维护。,http://hr.tencent.com/position_detail.php?id=33146&keywords=&tid=0&lid=0,技术类,23671-Web前端开发（北京）,"计算机相关专业本科及以上学历。2.3年以上Web前端开发经验。熟练掌握HTML/CSS/JavaScript/jQuery等Web开发技能。对React/Angular1-2/Vue框架非常熟悉,并有项目经验。具有Node开发经验者优先。对Web性能和安全有较深的见解和相关处理方案。熟练使用一门后台语言，对前后端联合开发技术原理全面认识",1
深圳,2018-02-26,1、根据对市场、客户的理解及公司战略，规划和设计产品蓝图与发展路线图；2、负责机器学习平台相关产品的竞品分析、需求分析、需求管理，产品设计和产品迭代；3、推进产品迭代，确定各迭代版本需求，撰写需求文档，组织协调各相关团队，跟踪产品研发进度 ；4、打造富有竞争力的产品，参与产品的运营和推广。,http://hr.tencent.com/position_detail.php?id=36972&keywords=&tid=0&lid=0,产品/项目类,22989-机器学习平台高级产品经理（深圳/上海）,1、985院校或海外知名高校，理工科专业全日制本科及以上学历，计算机相关专业背景；2、3年以上2B产品设计或开发经验，具备机器学习、数学建模或算法应用的相关专业背景或工作经验优先；3、深入了解云计算/大数据，并有一定的行业背景，对行业动态变化敏感度高；4、执行能力强，具有较好的产品设计能力；5、极强的问题分析能力、数据理解能力、逻辑思考能力、沟通能力、学习能力和抗压能力，有团队合作精神。,2
深圳,2018-02-26,腾讯数据中心与网络等基础设施资源规划与运营优化；云计算产品技术架构与行业解决方案研究；BG资源规划和预算制定；跨部门联合项目的项目管理工作。,http://hr.tencent.com/position_detail.php?id=34186&keywords=&tid=0&lid=0,技术类,TEG10-云计算规划工程师（深圳）,通信、计算机专业本科以上学历；三年以上云计算相关工作经验，有数据中心网络运营优化经验者优先；熟悉数据中心网络架构、运营商网络结构，了解云计算在计算、存储和网络虚拟化方面的技术原理；具有良好的沟通、团队协作和项目管理能力；具有良好的分析、研究和解决问题能力；工作踏实、积极主动、能够承受压力。,1
深圳,2018-02-26,负责pc和移动侧的web前端开发工作，要求开发的系统具有高性能和高可靠性；负责对web页面进行性能优化以及特性开发，通过技术提升用户体验和可用性。,http://hr.tencent.com/position_detail.php?id=36961&keywords=&tid=0&lid=0,技术类,XN-web前端开发工程师（深圳）,精通javascript、php、HTML5、CSS3、shell等开发语言，并具备丰富的相关开发经验；具备丰富的跨浏览器，特别是移动端web开发的实际经验和案例；熟悉各种网络协议原理及相关知识，对web性能优化、常见漏洞有深入的理解，并能够在工作中取得有成效的问题定位和解决过程实践；具备丰富的前端行业知识，了解各相关领域的前沿信息，了解最新前端技术的设计和实现原理，并能灵活在工作中进行应用；有良好的团队合作能力，善于沟通，主动性强，执行能力强，具备良好的问题定位分析能力，有两年以上本角色工作经验者更佳；精通NodeJS或者PHP等一门后台相关语言。,1
北京,2018-02-26,监控新闻及社交热点，用视频及直播的形态记录大时代；策划主题及事件类报道，生产原创优质融媒体内容。,http://hr.tencent.com/position_detail.php?id=36719&keywords=&tid=0&lid=0,内容编辑类,23672-腾讯新闻资讯视频编导,涉猎广泛，具有对新闻和社会热点的敏锐嗅觉及判断力，在垂直领域有深入研究更佳；对视频及直播形态有深入理解，善于用视听语言叙事，有较好的审美能力；有脑洞，具备持续的创新能力，善于解决问题；具备互联网思维，了解内容运营及推广；有良好的团队协作及沟通能力，具备新闻记者的突破能力及持久韧性；有深度报道、人物采访、视频节目等工作经历或作品者优先；能适应高强度的工作节奏。,1
深圳,2018-02-26,负责MMORPG手游商业化策划工作，根据游戏研发的经济系统和成长规划，搭建游戏商业化体系，制定版本商业化内容；针对性设计商业化活动，养成用户付费习惯，形成游戏商业化节奏；通过数据分析总结，深度挖掘用户诉求，拓展游戏内商业化空间，持续进行精细化的深度商业化挖掘；对游戏数值模块和商业化程度进行持续性效果分析，并协助制定产品改进策略。,http://hr.tencent.com/position_detail.php?id=34672&keywords=&tid=0&lid=0,产品/项目类,15570-斗破苍穹手游-商业化策划（深圳）,5年以上游戏行业相关工作经验，有完整MMO手游的项目经验，熟悉游戏生命周期各阶段运营工作；丰富的游戏商业化&运营活动相关工作经验，能看懂数值设计，对数据敏感，有用户意识、能统筹游戏内资源，有游戏数值策划工作经验者优先；热爱游戏行业，至少深入了解或研究过一两款MMORPG游戏，对主流游戏的核心玩法、数值设计、经济系统、社交系统等模块的设计方法和体验优化，都有一定的研究和心得；具有优秀的团队沟通和执行能力，口头和书面表达能力较好，能够撰写各类文档，总结和归纳性强；工作细致，耐心，富有责任感。,1
上海,2018-02-26,基于承载腾讯自有业务的IDC技术研究和客户的网络架构规划需求，以及规划设计、建设运营等最佳实践经验，提供针对不同行业客户的腾讯云数据中心以及网络的个性化解决方案进行设计；并跟进解决方案的推广与落地，以及项目的实施；第三方合作伙伴的合作管理。,http://hr.tencent.com/position_detail.php?id=36960&keywords=&tid=0&lid=0,产品/项目类,22989-腾讯云IDC网络设计产品经理（上海）,本科或以上学历，3年以上金融行业、大型国企、互联网行业等大型数据中心战略咨询、规划设计经验；对数据中心网络的HLD LLD都有非常丰富的经验，并且能有较强的客户网络方案沟通和设计经验，并能对具体架构设计有落地实施细节经验；参与全流程的设计或完整项目建设过不少于2个大型数据中心项目（＞5000平米或＞1000个服务器机架），具有实战经验；熟悉数据中心的层次网络，出口网络，网络安全，接入网络等各个层面的技术细节需要较强的技术功底，并有实际上10万台数据中心网络的设计经验；熟悉国内外数据中心网络的发展趋势以及成本结构，技术特点，不断进行更新架构设计；熟悉数据中心网络运营服务体系，有过网络运营，监控和后台服务系统有过深度了解和构建；具备良好的沟通和表达能力，具有良好的文档写作功底；有海外大型数据中心工作经验并熟练使用英语交流最佳。,1
深圳,2018-02-26,一、负责研究梳理国际国内智能投顾业务发展趋势、关注资本市场投资策略的研究；二、深度了解腾讯内部的产品和技术（包括金融技术、云计算和相关的金融理财业务），并在制定产品方案和发展计划时与各个内部团队建立高效的合作关系，组织协调资源，主导具体产品开发的执行，监督产品的开发过程和风险管理，协调解决产品生命周期中的各种问题。三、对负责的互金业务发展趋势保持高度的关注，通过与内外部的紧密沟通和合作，常规性整理对行业和竞品的洞察从而规划整体业务和产品的策略；四、参与构建智能投顾业务体系的搭建及外部核心能力输出等；,http://hr.tencent.com/position_detail.php?id=36959&keywords=&tid=0&lid=0,产品/项目类,18432-金融产品策划经理,1 、全日制本科或以上，会计、金融、经济类专业、工科类（仅限信息类工科），大学本科或以上学历；2、五年或以上的银行、保险、信托、券商资产管理部、风险管理部、产品部或相关工作经验；3、熟悉金融产品（如基金、券商理财等）的投资运作，熟悉金融产品底层资产配置逻辑和运作方式，具备良好的产品设计经验或产品创新构思；较强的数据搜集和分析能力，熟练运用金融软件，如万得、聚源、同花顺等；4、有互联网金融产品经理经验优先；,2
深圳,2018-02-26,从事AI产品嵌入式客户端的开发工作；参与产品的设计开发工作。,http://hr.tencent.com/position_detail.php?id=36141&keywords=&tid=0&lid=0,技术类,20718-Linux嵌入式开发工程师（深圳）,"本科以上学历，3年以上相关工作经验；精通C/C++开发语言；熟悉Linux系统,有嵌入式linux系统开发经验；熟悉tcp/ip、http、websocket等网络协议, 熟悉wifi和蓝牙，有相关开发经验；思路清晰，具备良好的沟通能力和团队协作精神。",2
深圳,2018-02-26,负责公司长尾广告、推荐系统等相关海量数据系统的运营工作；负责跟踪项目进度，与多方共同合作达成项目目标，并保证项目质量和进度；负责运营成本控制管理、优化与预算制定；保障系统7*24小时服务能力，构建系统监控，容灾，高可用，自动化等运营能力；设计系统运营体系，并持续优化系统在性能，稳定性，数据质量等的各种现网问题，提升工作效率和服务质量。,http://hr.tencent.com/position_detail.php?id=36963&keywords=&tid=0&lid=0,技术类,TEG03-长尾广告高级运维工程师（深圳）,计算机相关专业本科以上学历，5年以上大型系统运营经验；熟练使用Linux/unix操作系统，精通Shell脚本语言，熟练掌握Python、PHP、Perl之一的编程；具备发现问题、分析问题、解决问题的能力；具备良好的自学能力，责任心强，有良好的对外沟通和团队协作能力；有监控和容灾的实际经验，能出具系统优化的整体解决方案；有海量数据分布式计算、虚拟化相关工作经验优先；熟悉Spark、Hadoop、Ceph、Docker、DevOps、机器学习相关等技术优先。,1
深圳,2018-02-26,负责游戏内系统（包括但不限于系统功能、模式玩法规则、系统构架和商业化等）内容的设计和跟进执行；负责跟进相关内容上线后的运营数据，通过运营数据和用户研究进行总结，并持续进行后续优化。,http://hr.tencent.com/position_detail.php?id=36953&keywords=&tid=0&lid=0,产品/项目类,15571-射击游戏系统策划（深圳）,热爱游戏，有丰富的游戏体验，对ACG类型的游戏要有深入的分析和理解，至少深入玩过一款以上射击类型的客户端网游；至少主导过一款游戏的核心系统/玩法设计，能清晰阐明设计思路和定位，并总结出得失经验；三年以上游戏策划经验，有成功项目经验者优先；有良好的团队合作精神，较强的沟通能力和抗压能力。,1
深圳,2018-02-26,现有游戏模式的关卡设计和制作（PVP/PVE地图，AI，BOSS，各类事件等）：使用2D绘图软件设计关卡；使用3D引擎搭建关卡；模式、关卡上线后的跟进：关注相关统计数据，调研问卷，论坛，游戏网站等体现具体使用情况和玩家反馈的来源；有必要时，根据数据和反馈来制定后续优化方案并跟进具体开发；负责产品新模式的扩展设计和开发：分析市场，确定模式定位；撰写模式玩法设计方案，设计模式地图，跟进规则设定和功能实现。,http://hr.tencent.com/position_detail.php?id=36954&keywords=&tid=0&lid=0,产品/项目类,15571-射击游戏关卡策划（深圳）,热爱各类游戏，尤其是主流射击类游戏，有丰富的游戏阅历，深入玩过一款以上射击类手游，且有一定的分析、理解能力；三年以上游戏关卡设计师或相关从业经验 ；参与过至少一款FPS/TPS的游戏项目开发（需要附上作品设计稿，截图或链接等）；有较强的文字表达能力，编写的方案要有较为严密的逻辑性和易读性；熟悉一款2D绘图软件，可用其设计关卡平面图；有使用过Unreal Editor、Unity（或其它3D游戏编辑器）制作关卡和相关内容的经验；有良好的团队合作精神，较强的沟通能力，抗压能力强；有完整的射击类游戏项目或模式开发经历者优先。,1
深圳,2018-02-26,负责FPS手游服务端的程序设计和实现；与前台开发、游戏策划良好沟通和协作，高效完成编码和调试；对程序运行状况和性能负责，熟练处理运营事务。,http://hr.tencent.com/position_detail.php?id=36950&keywords=&tid=0&lid=0,技术类,15571-后台开发工程师（深圳）,三年以上工作经验，本科及以上学历，计算机相关专业；精通C/C++，熟悉MySQL/NoSQL开发、网络编程和常用数据结构；全面的计算机体系架构知识，熟悉Linux操作系统原理和常用工具、TCP/IP原理；能够清晰完整的理解需求，并对可能出现的变化提出自己的预期思考以及梳理功能需求；具备良好的分析、解决问题能力，及良好的沟通协作意识，能承担较大的工作压力；熟练和冷静的应对运营中的突发事件，严格按照运营流程处理事务；网络游戏行业优先，对网络同步有深刻认识者优先，有海量系统经验者优先；熟悉Unity和Physx引擎优先。,1
深圳,2018-02-26,负责腾讯公司社交和视频业务的iOS平台产品的设计和研发；研究创新产品体验；研究AI产品体验。,http://hr.tencent.com/position_detail.php?id=36944&keywords=&tid=0&lid=0,技术类,SNG08-社交平台iOS开发工程师（深圳）,本科及以上学历，计算机软件、通讯相关专业优先；二年及以上工作经验，有音视频相关产品经验优先；有扎实的OC/SWIFT语言基础，理解面向对象设计基本原则，能熟练运用常用设计模式；熟悉iOS平台开发技术，包括UI、网络、多媒体等方面；熟悉iOS开发调试工具和性能分析工具的使用；熟悉OpenGLES/Metal/AVFoundation等技术框架优先；具有良好的分析问题和解决问题的能力，勇于面对挑战性问题；工作积极主动，善于沟通，具备较强的团队协作意识和能力。,5
广州,2018-02-26,1.负责微信各类法律事务，包括日常法律咨询、产品合规评估、法律课程开发及培训等；2.负责微信的各类投诉、法律函件的分析和处理以及相关流程制度完善；3.负责起草、审核各类合同及法律文书，参与合同商务谈判，为各类微信各项产品和商务合作提出建设性意见和做好合同风险把控；4.跟踪各类互联网产品及行业动态，政府监管政策，识别合规风险，开展合规检查和培训，督导业务合规运营。,http://hr.tencent.com/position_detail.php?id=36938&keywords=&tid=0&lid=0,职能类,21645-微信高级法律顾问,1. 国内外知名院校硕士及以上学历，法学专业，通过国家司法考试；2. 3-5年以上大型律师事所务或大中型公司工作经验，有较强的综合法务管理能力及项目管理和实施的能力等；3.细心，法律敏感性强，个性开朗，有开拓精神，执行力强，良好的团队合作精神，抗压能力强；4.自我驱动强，善于主动思考和总结，良好沟通能力和影响他人的能力；5.有较强的文字功底，有文章公开发表、媒体文字编辑或新媒体运营策划经验者优先；6.有互联网法务从业等领域经验者优先。,1
上海,2018-02-26,负责网络游戏的专项内容的测试、分析及调优，如客户端性能、服务端性能、协议和客户端安全等；负责或参与专项技术突破。,http://hr.tencent.com/position_detail.php?id=36946&keywords=&tid=0&lid=0,技术类,25927-PC游戏专项技术测试工程师（上海）,有2年以上软件行业或者互联网行业经验；至少熟悉以下一种语言：C/C++、Java；熟练使用LINUX、熟悉TCP/IP、HTTP等网络编程协议；至少熟悉一门脚本开发语言（如shell、perl、python），有实际实践经验积累者尤佳；有白盒、服务器性能、前台性能、协议、安全等专项的部分测试实际经验；熟悉网络游戏，有开发或测试开发经验者优先。,2
深圳,2018-02-26,1.负责影视项目宣发成本预算审核、预算执行监督、成本结算分析。2.负责影视项目宣发收入结算及分析。3.负责影视项目宣发过程税务筹划工作。4.负责支持影视项目宣发合同审核、谈判工作。5.负责电影宣传发行行业分析。6.其他工作。,http://hr.tencent.com/position_detail.php?id=36939&keywords=&tid=0&lid=0,职能类,S2-宣发财务经理,1.全日制本科及以上学历；财会、金融或其他经济类相关专业2.具有8年及以上相关工作经验，有3年以上影视项目发行财务管理经验3.熟悉国家相关财税法律法规；具备丰富的会计核算和财务管理知识，具备项目管理理念；英语可作为工作语言；熟练使用财务软件和办公软件。4.具有较强的计划组织能力、综合分析能力、沟通协调能力、谈判能力和文字表达能力；团队协作意识强。,1
广州,2018-02-26,1.负责微信各类法律事务，包括日常法律咨询、产品合规评估、法律课程开发及培训等；2.负责微信的各类投诉、法律函件的分析和处理以及相关流程制度完善；3.负责起草、审核各类合同及法律文书，参与合同商务谈判，为各类微信各项产品和商务合作提出建设性意见和做好合同风险把控；4.跟踪各类互联网产品及行业动态，政府监管政策，识别合规风险，开展合规检查和培训，督导业务合规运营。,http://hr.tencent.com/position_detail.php?id=36936&keywords=&tid=0&lid=0,职能类,21645-微信高级法律顾问（综合法务）,1. 国内外知名院校硕士及以上学历，法学专业，通过国家司法考试；2. 5年以上大型律师事所务或大中型公司工作经验，有较强的综合法务管理能力及项目管理和实施的能力等；3.细心，法律敏感性强，个性开朗，有开拓精神，执行力强，良好的团队合作精神，抗压能力强；4.自我驱动强，善于主动思考和总结，良好沟通能力和影响他人的能力；5.有互联网法务从业等领域经验者优先。,1
深圳,2018-02-26,负责PC客户端游戏或手游游戏安全业务相关数据统计、分析、挖掘工作；通过用户行为数据建模、分析用户特征等，为业务决策提供参考；,http://hr.tencent.com/position_detail.php?id=36937&keywords=&tid=0&lid=0,技术类,25926-后台策略安全,计算机或相关专业本科及以上学历，1年以上相关工作经验；责任感强、有较强的逻辑思维能力、沟通能力和抗压能力；掌握数据分析方法，深入理解常见机器学习算法、有深度学习经验者优先；熟悉C/C++开发，有一定的架构能力和良好代码规范；熟练掌握至少一门脚本语言（shell/python/perl）；有NLP或用户画像相关项目经验者优先；有安全/反作弊工作经验者优先，有大规模用户数据分析处理经验者优先。,1
深圳,2018-02-26,负责腾讯公司短视频业务的Android平台产品的设计和研发；研究创新产品体验；研究AI产品体验。,http://hr.tencent.com/position_detail.php?id=36945&keywords=&tid=0&lid=0,技术类,SNG08-社交平台Android开发工程师（深圳）,本科及以上学历，计算机软件、通讯相关专业优先；二年及以上工作经验，有音视频相关产品经验优先；有扎实的JAVA语言基础，理解面向对象设计基本原则，能熟练运用常用设计模式；熟悉Android平台开发技术，包括UI、网络、多媒体等方面；熟悉Android开发调试工具和性能分析工具的使用；熟悉OpenGLES/ARCore/MediaCodec等技术框架优先；具有良好的分析问题和解决问题的能力，勇于面对挑战性问题；工作积极主动，善于沟通，具备较强的团队协作意识和能力。,5
广州,2018-02-26,负责分析、挖掘、对抗各种业务安全层面的恶意行为；负责各类业务安全策略的制订；负责基础平台建设。,http://hr.tencent.com/position_detail.php?id=36943&keywords=&tid=0&lid=0,技术类,WXG02-143 微信后台策略安全(广州),"有Unix/Linux操作系统下的C/C++项目的1年以上开发经验；熟练掌握shell编程,熟悉mysql等关系型数据库；热爱数据，对数据敏感，热爱数据分析，热爱挖掘各类数据中隐藏的实际价值；品行端正，性格开朗，思维活跃，推理能力、逻辑思维强；有机器学习、深度学习、海量数据分析经验者优先考虑。",1
深圳,2018-02-26,负责影视付费会员合作产品的策划、合作方拓展以及方案沟通，实现会员拉新的；负责根据会员合作产品规划输出产品原型、协调研发设计资源进行产品的开发和对接工作，确保合作产品的上线运营；负责合作产品活动数据报告整理以及产品迭代。,http://hr.tencent.com/position_detail.php?id=36948&keywords=&tid=0&lid=0,产品/项目类,24546-客厅会员产品运营（深圳）,互联网产品经理相关工作经验3年以上，熟悉产品经理职能、产品策划SNS传播，具有很强的数据敏感性、用户行为洞察能力、PPT输出能力以及BI分析能力；具有丰富的互联网合作资源，具备商业机会分析、用户探究和项目管理能力，有成熟的线上产品运营案例，具有视频产品、电视产品经历为佳；熟练使用office、axure、PS等软件。,2
深圳,2018-02-26,1.负责后台开发和架构实现；2.负责游戏服务器的运营维护和外网bug的处理；3.负责游戏各个模块设计与优化；4.负责典型技术问题的攻关。,http://hr.tencent.com/position_detail.php?id=36935&keywords=&tid=0&lid=0,技术类,SD3-后台开发工程师,本科及以上学历，计算机，软件相关专业；2年以上C/C++开发经验，并熟练使用一种脚本语言，具备快速实现的能力；具备大容量、高性能系统的设计和架构能力；精通Unix/Linux网络编程、数据结构和算法；有游戏开发经验者优先。,2
深圳,2018-02-26,负责K歌本土艺人单曲发行企划方案；负责K歌本土艺人单曲在K歌平台以及其他平台的内容和玩法策划运营；（例：根据上线的平台特性策划相关mv或者短视频等，策划单曲在K歌平台的运营活动方案）负责策划并执行K歌线上线下优秀歌手的挖掘活动方案；熟悉粉丝经纪玩法。,http://hr.tencent.com/position_detail.php?id=36929&keywords=&tid=0&lid=0,产品/项目类,SNG16-全民K歌粉丝运营经理（深圳）,有赛事或选拔类活动运营相关经验，有成功活动选拔项目经验（工作经验两年）；了解音乐，视频等内容传播的玩法和相关平台规则；有互联网平台运营相关经验；参与过粉丝经营或者有粉头管理经验者优先；沟通能力强，抗压能力强，思路敏捷，脑洞大。,1
成都,2018-02-26,探索和制定角色模型美术风格和技术细节规范；根据原画设定完成标杆品质的角色建模及贴图绘制工作，并不断提升角色制作品质；梳理游戏角色制作流程和标准；跟进外包工作，按时完成项目需求。,http://hr.tencent.com/position_detail.php?id=36927&keywords=&tid=0&lid=0,设计类,15575-《圣斗士星矢》3D角色资深设计师（成都）,"3年以上的游戏行业经验，有多种类型完整的项目研发经历，熟知各类游戏3D角色制作标准和流程；擅长日系风格的3D角色制作，擅长人物表情制作；熟练掌握各种3D设计软件，能够根据概念设计图准确的制作高精度模型，最终完成在游戏中运行的角色资源；对人体和其他生物体结构有较为准确的把控，有较强的造型能力，色感良好；有主动钻研学习新技术的精神，有较强的学习能力,喜欢探索和尝试新的制作方法，能不断提高游戏美术表现力；良好的沟通能力,积极主动解决问题，并能承受较强的工作压力,有较强的团队合作意识；有美术外包管理经验，熟练应用unity3D引擎者优先。",1
深圳,2018-02-26,负责QQ音乐Web产品（包括PC端和移动端）的前端开发和维护，参与产品的技术选型和调研；与产品经理、交互设计师一起讨论产品设计，与后台工程师合作制定最佳技术实现方案；前沿技术学习研究和应用。,http://hr.tencent.com/position_detail.php?id=36928&keywords=&tid=0&lid=0,技术类,SNG16-QQ音乐Web前端工程师（深圳）,"至少三年以上从事JavaScript开发的经历；扎实的 javascript 基础知识；能够熟练运用 HTML、CSS、JavaScript 开发高性能的web应用程序；熟悉Web性能优化, 有性能优化实践经验；具有良好的代码风格、接口设计与程序架构意识；具有良好的沟通能力和团队合作精神；思路清晰，优秀的分析问题和解决问题的能力；加分项:计算机专业或软件工程等相关专业；掌握服务器端编程语言并有实践经验；持续坚持写技术博客1年以上；对开源项目有贡献；github个人原创项目有50个星以上；在著名业界技术大会有过分享良好的借力意识(站在巨人的肩膀上)；良好的软件工程意识；对技术有持续的热忱和激情；热爱音乐。",1
成都,2018-02-26,负责王者荣耀中，玩家社交互动、游戏目标相关的系统设计；负责在开发过程中，协调程序、美术，保证开发进度并确保达到设计预期，对系统最终品质负责；系统上线后，根据数据、玩家反馈，市场变化，进行持续改善。,http://hr.tencent.com/position_detail.php?id=36926&keywords=&tid=0&lid=0,产品/项目类,15575-《王者荣耀》资深系统策划（成都）,具备3年以上游戏行业开发经验，有丰富的社交类游戏或竞技类游戏经历，对该类型有深入的分析和理解；熟知游戏内各系统的设计目的、原则、方法；具备一定的数值和数据敏感度，设计系统能给出合理数值预期，后续能进行数据分析拟定优化方向；具有积极的用户沟通和服务意识，能有效地挖掘用户需求，抗压能力强；对人性和人际关系有良好的感知能力；有社交向游戏/社交型互联网产品开发经验者优先；热爱游戏，有主人翁意识，有良好的沟通合作能力、较强的逻辑思维能力和执行力。,1
北京,2018-02-26,负责腾讯社交广告内容与知识管理系统的搭建与运营：建立内容管理平台（Content hub): 实现各内容的定期有序更新，进行有效标签分组与统一管理，并通过高友好度界面提供内外部高效调用与账户分级管理；建立内容整体规划，创造，审核，存档，管理，发布体系 - 责任分工，流程，规则，与标准；与市场，运营，培训，产品等各相关部门配合，引领虚拟团队推动内容的有序规划，产出，发布与生命周期管理；基于内容的发布受众与平台，适当实现部分内容的转化优化。,http://hr.tencent.com/position_detail.php?id=36922&keywords=&tid=0&lid=0,市场类,SA-腾讯社交广告市场营销知识管理经理（北京）,全日制本科及以上学历，专业不限；5年以上市场营销工作经验，3年以上内容策划与管理经验-具有广告行业相关知识或经验优先；具有一定的信息平台或知识平台搭建经验或能力将会是很好的加分；具有出色的团队合作合作精神和沟通、协调能力；为人诚信，工作敬业，有责任心。,1
深圳,2018-02-26,深入洞察区域内的互联网广告市场机会，关注行业发展动态和广告主需求变化，探索目标广告主的引入路径和服务方式；负责区域市场信息的收集和友商布局分析，制定所在区域的代理商布局规划；负责区域代理商管理工作，调动区域、政策、产品等多维度资源，对区域整体业绩及目标广告主市场覆盖度负责；制定代理商目标任务，跟进代理商计划的执行情况，确保区域整体业绩和目标广告主市场覆盖度任务的达成；负责维护区域市场秩序以及控制区域市场价格体系，提出区域内渠道调整和发展建议；有效处理渠道冲突，参与制定各种服务与激励方式，持续提高渠道合作伙伴的满意度和投入；帮助代理商进行业务规划，协助体系搭建，积极开展培训，运用各种策略技能提升代理商各项业务能力；与代理商负责人保持紧密互动，主动关注代理商公司发展方向，维护与代理商间的长期合作关系；配合产品、运营及行业等团队开展各类项目在区域的落地执行。,http://hr.tencent.com/position_detail.php?id=36923&keywords=&tid=0&lid=0,市场类,SA-腾讯社交广告SMB区域业务拓展（深圳）,全日制本科及以上学历，专业不限；两年以上互联网广告行业区域市场渠道管理和负责经验（山东、浙江、福建、江苏省份优先）；熟悉渠道运作流程，具有良好的计划、执行、沟通、协调能力；熟悉所在区域广告市场环境，有较好的行业洞察和分析能力；能够承受较大工作压力，有较好的团队合作意识；思路开放，热情，为人诚信，工作敬业，有责任心。,1
上海,2018-02-26,负责腾讯社交广告市场区域代理商管理工作，负责区域内代理商体系的开拓和管理，对业绩直接负责；基于腾讯社交广告各项业务，和部分区域型或微信平台生态型重点广告代理商建立深度商务合作关系，协助代理商进行体系优化；协调市场、产品资源，协助代理商达成业绩任务；有效处理渠道冲突，参与制定各种服务与激励方式，持续提高渠道合作伙伴的满意度和投入。,http://hr.tencent.com/position_detail.php?id=36925&keywords=&tid=0&lid=0,市场类,SA-腾讯社交广告SMB区域业务拓展经理（上海）,全日制本科及以上学历，专业不限；2年以上具体相关互联网广告产品渠道工作经验（具有互联网行业广告销售、运营管理经验者优先）；具有出色的沟通能力，协调能力；良好的团队合作精神；为人诚信，工作敬业，有责任心。,2
深圳,2018-02-26,- 负责游戏产品品牌推广美术设计；重要UA露出资产设计如苹果和谷歌商店；- 给予有效的视觉设计创意，能够主导重点项目的视觉设计方向， 并完成主要视觉设计工作；,http://hr.tencent.com/position_detail.php?id=36930&keywords=&tid=0&lid=0,设计类,24491-王者荣耀全球版-高级视觉设计师,- 3年以上视觉设计从业经验，4A经历优先。- 对创意想法有自己的见解和思维方式。- 具有国际视野和西方审美理解。- 对美术和视觉表现力方面有较高认识、品鉴和产出能力。- 对游戏领域有一定了解；需要是较为重度的游戏玩家，王者荣耀玩家为佳。- 善于沟通，关注用户体验细节，有较强理解力与出色的沟通能力同时具备优秀的视觉表现能力。- 熟练操作相关设计软件。,1
深圳,2018-02-26,负责腾讯云安全的产品策划工作，包括：竞品调研分析、云安全服务与产品规划、云安全产品体验优化、安全产品运营推广、用户问题跟踪回访；充分了解企业用户特点，针对腾讯云上的用户特性进行针对性产品设计与服务提供。,http://hr.tencent.com/position_detail.php?id=36931&keywords=&tid=0&lid=0,产品/项目类,SNG11-腾讯云安全高级产品经理（深圳）,本科以上学历；3年以上工作经验，要求有技术背景，有安全产品相关经验优先考虑；了解云计算相关概念，有企业服务的产品策划经历；熟悉企业用户特点，对行业动态变化敏感度高，关注用户需求；具备较强的团队协作和沟通能力，思维活跃，领悟力强，接受新事物能力强；工作主动积极，能承受一定工作压力。,1
深圳,2018-02-26,配合美术总监制定游戏场景美术风格，有丰富的欧美风格场景绘制经验，同时熟悉物件拆分的原理，能快速的为关卡输出2D设计，并与3D场景快速的沟通制作方法流程等。,http://hr.tencent.com/position_detail.php?id=36934&keywords=&tid=0&lid=0,设计类,15579-2D场景原画师（深圳）,热爱游戏，有5年以上2D场景设计经验，熟悉场景关卡设计制作流程，PS及商业引擎，有优秀的美术功底，有很强的整体把控能力，能迅速根据需求绘制出不同风格的场景原画，熟悉场景制作流程，抗压能力强，能积极主动的交流沟通解决美术方面的各类问题，有强烈的责任心。,1
深圳,2018-02-26,带领综合运营组制定项目管理方案与流程制定；负责营销云内部产品和外部客户项目的项目管理；跟踪项目的执行，驱动相关团队做产品落地，执行业绩计算等流程性事物。,http://hr.tencent.com/position_detail.php?id=36912&keywords=&tid=0&lid=0,产品/项目类,25663-营销云综合运营组组长（深圳）,"本科或以上学历；熟悉互联网行业与相关的基础技术；3年以上互联网行业项目管理经验，有项目推动能力；具备优秀的沟通和交往能力，协助制定销售与运营计划；具备整合不同组织资源，领导跨部门合作的能力；具备数据敏感性和数据分析能力、较强逻辑分析,并具有良好分析判断能力。",1
北京,2018-02-26,根据公司要求独立完成基于iOS系统平台进行应用程序开发设计、调试工作；根据项目任务计划独立按时完成软件高质量编码和测试工作；规范文档的编写、维护，以及其他与项目相关工作；按照开发流程编写相应模块的设计文档；按时按需完成客户端软件的维护及更新。,http://hr.tencent.com/position_detail.php?id=36914&keywords=&tid=0&lid=0,技术类,23674-腾讯新闻iOS开发工程师（北京）,本科以上学历，计算机相关专业，有扎实的计算机相关知识基础；两年年以上iOS项目开发经验；熟悉iOS框架及各种特性，熟悉面向对象编程；熟悉掌握Objective-C语言、XCode开发环境、UI布局、架构设计；熟悉SVN或Git等相关的代码管理工具；熟练掌握UDP/TCP/IP、http等网络协议，精通协议设计；精通移动客户端程序设计方法以及安全的应用层协议设计；具备良好的分析解决问题能力，能独立承担任务和有系统进度把控能力；工作积极主动，有强烈的责任感和严谨的工作作风，对移动产品有浓厚兴趣；熟悉常用的设计模式，有大型终端软件架构能力，有上线产品者优先。,1
北京,2018-02-26,负责腾讯联盟广告SDK的架构设计、开发、持续演进和重构；负责广告客户端技术的前沿追踪、技术攻坚和落地，推动客户端技术团队成长；参与联盟广告体验的优化和创新。,http://hr.tencent.com/position_detail.php?id=36910&keywords=&tid=0&lid=0,技术类,SA-腾讯联盟广告移动客户端iOS/Android高级开发工程师（北京）,本科及以上学历，计算机相关专业；3年以上iOS/Android开发经验；熟悉iOS/Android系统运行机制及内核；精通OC/Java；精通客户端程序设计方法、性能优化、安全的应用层协议设计和安全攻防；熟练掌握UDP/TCP/IP、http等网络协议，精通协议设计；具备良好的沟通和分析解决问题能力，能独立承担任务、负责项目，能系统性把握项目进展；能够主动思考产品特性，爱学习。,2
北京,2018-02-26,根据公司要求独立完成基于iOS系统平台进行应用程序开发设计、调试工作；根据项目任务计划独立按时完成软件高质量编码和测试工作；规范文档的编写、维护，以及其他与项目相关工作；按照开发流程编写相应模块的设计文档；按时按需完成客户端软件的维护及更新。,http://hr.tencent.com/position_detail.php?id=36913&keywords=&tid=0&lid=0,技术类,23674-腾讯新闻iOS客户端高级开发工程师(北京),本科以上学历，计算机相关专业，有扎实的计算机基础；三年及以上iOS项目开发经验；熟悉掌握Objective-C语言、XCode开发环境、UI布局、架构设计；理解面向对象设计的基本原则，熟悉常用的设计模式，有独立分析和解决问题的能力；熟悉SVN或Git等相关的代码管理工具；熟练掌握UDP/TCP/IP、http等网络协议，精通协议设计；精通移动客户端程序设计方法以及安全的应用层协议设计；具备良好的分析解决问题能力，能独立承担任务和有系统进度把控能力；工作积极主动，有强烈的责任感和严谨的工作作风，对移动产品有浓厚兴趣；熟悉常用的设计模式，有大型终端软件架构能力，有上线产品者优先。,1
深圳,2018-02-26,统筹现有“腾讯游戏竞技平台”旗下各竞技产品的赛事计划；负责“腾讯游戏竞技平台”专属品牌赛事的策划和执行；负责“腾讯游戏竞技平台”的商业化工作，包括外部合作伙伴招商，社区平台商业化策划及拓展。,http://hr.tencent.com/position_detail.php?id=36915&keywords=&tid=0&lid=0,市场类,23294-互娱赛事运营经理（深圳）,本科及以上学历；3年以上赛事管理或者游戏行业工作经验；了解电子竞技行业，并对网游与电竞结合有一定的研究及深刻理解；对商业合作敏感度高，有较强的方案策划及撰写能力，具有出色提案能力和沟通技巧。,1
深圳,2018-02-26,负责QQ空间内产品活跃、营收数据分析相关工作；负责数据体系规划、日常波动分析、专题分析、数据趋势预测、跨团队数据项目合作、竞品及新产品动态数据收集等；负责将数据结果转化为可落地执行的策略优化建议，并撰写成数据报告。,http://hr.tencent.com/position_detail.php?id=36919&keywords=&tid=0&lid=0,产品/项目类,SNG08-QQ空间数据分析产品经理（深圳）,本科及以上学历，数学、统计等专业优先；2年以上数据分析、数据挖掘等相关工作经验，有互联网行业数据分析经验者优先；熟练使用SQL/R/SPSS/SAS等数据分析和挖掘工具；良好的分析报告撰写能力；工作细致，逻辑严谨，具备较强的学习能力及理解能力；具有优秀的沟通协调能力，具备高度的责任心和团队合作精神。,1
深圳,2018-02-26,研究游戏项目中美术内容制作的各项工具使用；开发及维护美术相关引擎工具及其文档；配合美术人员，制作及优化游戏项目中的美术资源、制定相关的美术规范；进行渲染相关技术研究并实现渲染效果，编写Shader、渲染功能等；图像相关性能优化、重构工作。,http://hr.tencent.com/position_detail.php?id=36921&keywords=&tid=0&lid=0,技术类,25929-沙盒类游戏技术美术（深圳）,至少3年以上的游戏开发经验，2年以上的美术相关经验；有较好的美术专业能力，有较高的审美能力，精通于游戏美术各类资源开发的流程和规范；精通OpenGL（ES）图像开发，具备渲染引擎开发经验或手游图形相关开发经验者优先；对策划及程序的工作方式有足够的了解，能较好的与策划和程序进行协同开发，协助解决美术和程序间的技术问题；精通3D美术内容制作工具（3DMax、Zbrush、Photoshop、Substance designer、Substance painter等）；精通Unity引擎使用，精通Unity图像效果开发及工具开发；熟练掌握C++、C#语言。,1
